380,390,400,410,420,430,440,450,460,470,480,490,500,510,520,530,540,550,560,570,580,590,600,610,620,630,640,650,660,670,680,690,700,710,720,730
"-0,0651642","-0,0654681","-0,0657987","-0,066157","-0,0664271","0,118153","0,18983","0,200691","0,191249","0,176458","0,165328","0,156902","0,157779","0,159653","0,162091","0,15691","0,149508","0,150489","0,15734","0,175965","0,18807","0,195328","0,19121","0,182553","0,169633","0,15605","0,155925","0,153317","0,157265","0,150624","0,132212","0,136617","0,152826","0,174227","0,23712","0,274419"
"-0,0689263","-0,0692352","-0,0695713","-0,0699355","-0,0702062","0,12322","0,184425","0,19894","0,192709","0,173049","0,168339","0,157513","0,153799","0,156267","0,159655","0,157576","0,150557","0,150296","0,159367","0,179672","0,188763","0,200514","0,195658","0,18309","0,172873","0,160305","0,148988","0,152003","0,157712","0,145128","0,136735","0,13841","0,155035","0,177","0,230327","0,306684"
"-0,00270421","-0,00293013","-0,003176","-0,00344241","-0,00364737","0,127839","0,189678","0,200542","0,193614","0,181532","0,173847","0,165158","0,165034","0,162469","0,162817","0,159087","0,151841","0,151807","0,161285","0,185662","0,199671","0,204972","0,203949","0,190973","0,181486","0,17101","0,166522","0,164166","0,172972","0,173593","0,159665","0,169087","0,189175","0,193924","0,248817","0,31678"
"-0,034468","-0,0347413","-0,0350387","-0,035361","-0,0356039","0,130851","0,193184","0,206038","0,200561","0,184458","0,177241","0,166111","0,16578","0,161682","0,160469","0,160777","0,153127","0,152039","0,163418","0,189915","0,206141","0,211933","0,211017","0,199783","0,191367","0,180991","0,169031","0,168557","0,181413","0,169033","0,159431","0,150549","0,184515","0,243602","0,304537","0,361985"
"-0,0255306","-0,0257987","-0,0260905","-0,0264067","-0,0266469","0,133698","0,197269","0,210732","0,207875","0,192603","0,183009","0,172654","0,165596","0,160782","0,164012","0,163106","0,153169","0,154241","0,168948","0,198545","0,218278","0,224382","0,221394","0,210395","0,201812","0,192686","0,181802","0,17913","0,190028","0,176825","0,174853","0,180686","0,168108","0,210331","0,274012","0,314122"
"-0,0626589","-0,0629839","-0,0633375","-0,0637207","-0,0640059","0,139041","0,201945","0,215602","0,20684","0,194627","0,176287","0,167892","0,170991","0,166922","0,164118","0,164241","0,158477","0,157202","0,173238","0,205258","0,231812","0,238851","0,235069","0,223152","0,218112","0,21095","0,20045","0,195276","0,204699","0,201387","0,17752","0,179199","0,19776","0,238759","0,304723","0,329479"
"-0,0722215","-0,0725647","-0,0729382","-0,0733429","-0,0736402","0,146799","0,208673","0,219799","0,213616","0,193481","0,181106","0,170463","0,157907","0,160211","0,164133","0,16283","0,154522","0,158512","0,1793","0,212903","0,242933","0,255707","0,246406","0,237651","0,229772","0,223669","0,21068","0,209356","0,217761","0,210797","0,180551","0,173062","0,192378","0,245881","0,328228","0,359494"
"-0,00682391","-0,00708157","-0,00736198","-0,00766582","-0,00789861","0,143458","0,208151","0,222618","0,21021","0,189292","0,178545","0,169101","0,166465","0,160369","0,166399","0,165115","0,156463","0,158881","0,182489","0,219111","0,248758","0,264505","0,255074","0,243686","0,237438","0,232372","0,223206","0,215977","0,214745","0,207192","0,191606","0,160006","0,203292","0,237643","0,295254","0,345859"
"0,048165","0,0479683","0,0477542","0,0475223","0,0473409","0,158014","0,217874","0,229328","0,222674","0,207017","0,184651","0,178164","0,172783","0,168004","0,173172","0,17112","0,16188","0,161814","0,185682","0,231339","0,268703","0,277835","0,27281","0,260501","0,25549","0,24883","0,243168","0,245022","0,247533","0,236715","0,230671","0,226104","0,245128","0,28482","0,30741","0,390132"
"-0,0113943","-0,0116776","-0,0119859","-0,01232","-0,0125713","0,161001","0,225337","0,235608","0,224059","0,205669","0,191901","0,186146","0,175091","0,171179","0,173175","0,17026","0,160291","0,163518","0,191187","0,236159","0,276811","0,289316","0,285149","0,27259","0,266216","0,263112","0,255026","0,251862","0,26178","0,250336","0,249228","0,24349","0,253459","0,292404","0,354919","0,40571"
"-0,0712803","-0,0716442","-0,0720402","-0,0724693","-0,0727949","0,144848","0,219334","0,233241","0,223942","0,204992","0,189411","0,17731","0,168907","0,162856","0,171239","0,169217","0,161165","0,164262","0,194433","0,242367","0,285487","0,303233","0,294151","0,278506","0,274508","0,272698","0,268667","0,262794","0,262514","0,261411","0,245512","0,214466","0,214654","0,243936","0,317863","0,343758"
"-0,0179133","-0,018214","-0,0185413","-0,0188959","-0,0191588","0,17093","0,229874","0,239517","0,228872","0,209786","0,201465","0,188451","0,17359","0,171232","0,174262","0,168885","0,162889","0,167063","0,198532","0,25051","0,290116","0,312437","0,303667","0,289719","0,282878","0,280059","0,267917","0,271307","0,269491","0,278043","0,271423","0,258604","0,252041","0,293703","0,365274","0,416641"
"0,0449672","0,0447501","0,0445138","0,0442578","0,0440572","0,165392","0,232839","0,242385","0,228966","0,209775","0,201242","0,181685","0,174612","0,166768","0,170947","0,172425","0,162717","0,168347","0,198367","0,250816","0,295457","0,316722","0,308905","0,293899","0,28657","0,281303","0,280514","0,282476","0,278478","0,267897","0,261748","0,244254","0,228677","0,275711","0,323093","0,360233"
"-0,0293953","-0,0297108","-0,0300541","-0,0304261","-0,030707","0,160657","0,231412","0,240941","0,230093","0,201979","0,184247","0,1693","0,166808","0,165354","0,168923","0,169011","0,161441","0,164965","0,19822","0,254317","0,30143","0,320183","0,313846","0,298933","0,290939","0,286996","0,280443","0,273006","0,275567","0,265549","0,257099","0,24857","0,24761","0,279206","0,303192","0,382797"
"0,0148083","0,0145435","0,0142553","0,013943","0,0137013","0,165721","0,234358","0,247936","0,23796","0,217534","0,194285","0,182216","0,173611","0,170696","0,17455","0,174422","0,165899","0,168385","0,202429","0,260109","0,308704","0,330103","0,322083","0,307549","0,301946","0,296821","0,292068","0,285735","0,287587","0,280415","0,289209","0,275248","0,288031","0,309389","0,342655","0,371515"
"-0,0572579","-0,0576173","-0,0580085","-0,0584323","-0,0587497","0,162944","0,236756","0,247817","0,231142","0,200718","0,184308","0,178535","0,163889","0,161744","0,169656","0,170473","0,161812","0,168611","0,202221","0,261702","0,314057","0,333582","0,328063","0,312466","0,308301","0,299667","0,29841","0,293924","0,291704","0,278444","0,26201","0,241681","0,232966","0,26046","0,330853","0,347594"
"0,0262772","0,0260189","0,0257379","0,0254334","0,0251979","0,173964","0,243686","0,254001","0,239821","0,217386","0,198191","0,186451","0,176907","0,171587","0,173528","0,173944","0,163819","0,171944","0,20987","0,273443","0,326626","0,349586","0,340625","0,324482","0,322556","0,313516","0,31027","0,313666","0,30969","0,30217","0,297929","0,288329","0,280865","0,295716","0,345206","0,393269"
"0,0297533","0,0294995","0,0292232","0,0289239","0,0286958","0,180191","0,244434","0,254156","0,239033","0,215142","0,194159","0,176678","0,167675","0,164469","0,16937","0,173087","0,16411","0,170624","0,211861","0,275116","0,328628","0,356271","0,350166","0,333035","0,327484","0,321193","0,319097","0,320129","0,317094","0,30355","0,306353","0,29659","0,270584","0,278166","0,310498","0,380368"
"0,0256669","0,0253966","0,0251024","0,0247836","0,0245493","0,199196","0,252588","0,260399","0,247404","0,224824","0,203839","0,191959","0,181609","0,175184","0,175544","0,175553","0,16701","0,172808","0,215053","0,284586","0,339673","0,366824","0,360341","0,347499","0,340184","0,33897","0,332539","0,333115","0,332301","0,328336","0,329904","0,327066","0,309573","0,325777","0,38574","0,435474"
"0,077061","0,0768605","0,0766424","0,076406","0,0762221","0,191028","0,252447","0,261448","0,244065","0,226569","0,200578","0,183801","0,17554","0,168275","0,175272","0,177208","0,167448","0,174458","0,215096","0,285666","0,342934","0,368686","0,365112","0,350595","0,346108","0,338793","0,33132","0,340701","0,332724","0,321243","0,31849","0,329243","0,305699","0,311082","0,362203","0,375269"
"0,0337977","0,0335372","0,0332536","0,0329464","0,0327114","0,187025","0,250282","0,26327","0,245268","0,222635","0,19916","0,185498","0,169639","0,170351","0,177299","0,176537","0,166288","0,173446","0,218992","0,288185","0,347001","0,377735","0,372949","0,358754","0,351193","0,344554","0,334146","0,346846","0,347398","0,334987","0,33016","0,307991","0,30933","0,335208","0,36359","0,440938"
"0,083433","0,0832339","0,0830174","0,0827828","0,0826","0,196172","0,254755","0,26495","0,253474","0,22966","0,204846","0,190213","0,171969","0,172552","0,178558","0,178905","0,167206","0,17453","0,219706","0,291917","0,354683","0,383443","0,378546","0,367018","0,359682","0,352291","0,346118","0,348365","0,34848","0,341443","0,348941","0,332681","0,345088","0,367696","0,394678","0,449171"
"0,0264317","0,0261544","0,0258527","0,0255257","0,0252779","0,192876","0,257632","0,268074","0,251211","0,227696","0,200916","0,187915","0,173271","0,171487","0,178244","0,176106","0,168199","0,177164","0,221073","0,292807","0,358449","0,388559","0,387178","0,368952","0,362531","0,359152","0,349179","0,35598","0,360675","0,354928","0,352229","0,311016","0,31195","0,325393","0,375135","0,445415"
"0,0231649","0,0228767","0,0225631","0,0222233","0,0219663","0,196839","0,262717","0,273202","0,2567","0,22922","0,2086","0,196768","0,180379","0,173325","0,177236","0,179721","0,168795","0,176906","0,226576","0,30028","0,366076","0,398219","0,39253","0,378701","0,373348","0,368972","0,362015","0,36388","0,363095","0,357241","0,370833","0,355697","0,334601","0,371396","0,417068","0,449931"
"0,018617","0,0183225","0,0180021","0,0176549","0,017391","0,194045","0,262243","0,2715","0,258216","0,229751","0,203331","0,189016","0,17245","0,168939","0,173095","0,178893","0,167989","0,178903","0,226654","0,30249","0,367578","0,402776","0,401206","0,384875","0,380418","0,375137","0,366945","0,376582","0,374313","0,359135","0,358053","0,366214","0,374657","0,371808","0,415606","0,495824"
"0,00691244","0,00660233","0,00626489","0,00589922","0,00561965","0,188864","0,265414","0,272047","0,252349","0,227849","0,209377","0,186304","0,170344","0,171061","0,17494","0,177517","0,16931","0,177193","0,226467","0,304083","0,370117","0,407066","0,400529","0,385908","0,380033","0,374471","0,363285","0,36763","0,379214","0,366847","0,353849","0,34227","0,358826","0,381646","0,374372","0,41488"
"-0,00358502","-0,00391311","-0,0042701","-0,00465697","-0,00494656","0,198336","0,264587","0,273484","0,258846","0,230961","0,206304","0,190366","0,17817","0,171678","0,175018","0,179286","0,169279","0,178114","0,22777","0,307716","0,374023","0,40978","0,408474","0,393172","0,385397","0,378816","0,375607","0,379749","0,391727","0,366335","0,368242","0,375844","0,365688","0,391891","0,430577","0,464409"
"0,0100895","0,00977585","0,00943462","0,00906482","0,00879107","0,208083","0,267866","0,276274","0,262812","0,234045","0,210695","0,184269","0,174922","0,172685","0,177713","0,177155","0,17081","0,177428","0,229579","0,31342","0,380095","0,417379","0,418228","0,402075","0,397186","0,392723","0,383651","0,382085","0,387036","0,374048","0,366798","0,369535","0,365571","0,390512","0,394134","0,473729"
"0,0906256","0,0904117","0,0901789","0,0899267","0,0897324","0,215231","0,273548","0,283796","0,270372","0,247149","0,218485","0,200043","0,183869","0,178861","0,181615","0,182201","0,172771","0,182557","0,234841","0,316545","0,385198","0,423222","0,423832","0,410319","0,403471","0,400456","0,389516","0,396151","0,406109","0,402557","0,406182","0,410004","0,434081","0,431889","0,492388","0,599014"
"0,0026642","0,00233641","0,00197976","0,00159325","0,0013018","0,201183","0,271817","0,279401","0,260937","0,23818","0,213825","0,196288","0,177039","0,172734","0,179157","0,182527","0,174065","0,183159","0,23375","0,315884","0,383884","0,42193","0,424229","0,406841","0,399058","0,392121","0,386984","0,394224","0,396696","0,380864","0,379279","0,381752","0,383351","0,411677","0,40671","0,520669"
"0,0425985","0,0423235","0,0420243","0,0417001","0,0414544","0,207854","0,271604","0,280503","0,26456","0,241164","0,210601","0,196117","0,179107","0,174221","0,179168","0,183019","0,172469","0,182085","0,233689","0,315431","0,383257","0,42415","0,42334","0,409881","0,399013","0,395629","0,387299","0,388938","0,398599","0,396567","0,383397","0,398316","0,402399","0,408315","0,460436","0,521748"
"1,0425985","1,0423235","1,0420243","1,0417001","1,0414544","0,207854","0,271604","0,280503","0,26456","0,241164","0,210601","0,196117","0,179107","0,174221","0,179168","0,183019","0,172469","0,182085","0,233689","0,315431","0,383257","0,42415","0,42334","0,409881","0,399013","0,395629","0,387299","0,388938","0,398599","0,396567","0,383397","0,398316","0,402399","0,408315","0,460436","0,521748"
