Reading;X;Y;Z
1;0,345786;0,325394;0,543663
2;0,418986;0,389985;0,597947
3;0,696892;0,645996;0,921025
4;0,935545;0,870438;1,242442
5;1,649295;1,549605;2,283228
6;2,134097;2,014035;3,020033
7;3,415164;3,25062;5,019157
8;4,177304;3,990131;6,227062
9;5,864209;5,63309;8,914223
10;6,766076;6,516068;10,355227
11;8,742114;8,455866;13,498447
12;9,797105;9,500902;15,174463
13;12,185331;11,857428;18,890625
14;13,499569;13,157594;20,885132
15;16,236465;15,893693;25,023619
16;17,650518;17,353769;27,166011
17;20,851991;20,507792;31,57439
18;22,587393;22,308405;33,93917
19;26,201132;26,021365;38,421812
20;28,114223;28,054472;40,631817
21;32,339341;32,377815;44,315671
22;34,840136;35,117145;45,428732
